Handle,Title,Body (HTML),Vendor,Product Category,Type,Tags,Published,Option1 Name,Option1 Value,Option1 Linked To,Option2 Name,Option2 Value,Option2 Linked To,Option3 Name,Option3 Value,Option3 Linked To,Variant SKU,Variant Grams,Variant Inventory Tracker,Variant Inventory Qty,Variant Inventory Policy,Variant Fulfillment Service,Variant Price,Variant Compare At Price,Variant Requires Shipping,Variant Taxable,Unit Price Total Measure,Unit Price Total Measure Unit,Unit Price Base Measure,Unit Price Base Measure Unit,Variant Barcode,Image Src,Image Position,Image Alt Text,Gift Card,SEO Title,SEO Description,Composition (product.metafields.custom.composition),Fabric Weight (product.metafields.custom.fabric_weight),Fit (product.metafields.custom.fit),Origin (product.metafields.custom.origin),Print Type (product.metafields.custom.print_type),Product Measurements (product.metafields.custom.product_measurements),Returns Info (product.metafields.custom.returns_info),Shipping Info (product.metafields.custom.shipping_info),Wash Instructions (product.metafields.custom.wash_instructions),Age group (product.metafields.shopify.age-group),Color (product.metafields.shopify.color-pattern),Fabric (product.metafields.shopify.fabric),Fit (product.metafields.shopify.fit),Neckline (product.metafields.shopify.neckline),Outerwear clothing features (product.metafields.shopify.outerwear-clothing-features),Pants length type (product.metafields.shopify.pants-length-type),Size (product.metafields.shopify.size),Sleeve length type (product.metafields.shopify.sleeve-length-type),Target gender (product.metafields.shopify.target-gender),Top length type (product.metafields.shopify.top-length-type),Waist rise (product.metafields.shopify.waist-rise),Variant Image,Variant Weight Unit,Variant Tax Code,Cost per item,Status
marine-folklore,Marine Folklore,"<p>Made from 100% cotton with a sturdy 260 GSM weight, this teal short sleeve shirt blends comfort with creative storytelling. Featuring vibrant screen prints of whimsical sea creatures on the front, the design brings an artistic, oceanic narrative to life. The relaxed collared silhouette and button-down front make it as versatile as it is stylish, perfect for casual outings or laid-back summer days.</p>",Earth Revibe,Apparel & Accessories > Clothing > Clothing Tops > Shirts,"",Stock Earth Revibe,true,Size,s,product.metafields.shopify.size,,,,,,,MARINE-S,0.0,shopify,10,deny,manual,1290.00,,true,true,,,,,"",https://cdn.shopify.com/s/files/1/0970/8394/9342/files/cd43f0fa-d0b1-4d94-9d43-566179660175.png?v=1770639294,1,"",false,,,100% Cotton.,260 GSM,Relaxed Fit Silhouette,Proudly Made in India ,,Boxy Fit.,72 Hours Hassle Free Returns and Exchange,Free Delivery Only on Prepaid Orders,"Machine Cold Wasy, No Bleaching ",adults,blue,cotton,,,,,s; m; l; xl,,male,medium,,,kg,,,active
marine-folklore,,,,,,,,,m,,,,,,,,MARINE-M,0.0,shopify,10,deny,manual,1290.00,,true,true,,,,,"",https://cdn.shopify.com/s/files/1/0970/8394/9342/files/dc5ee5bb-89cf-4e32-8099-9212ce00d6ac.png?v=1770639296,2,"",,,,,,,,,,,,,,,,,,,,,,,,,,kg,,,
marine-folklore,,,,,,,,,l,,,,,,,,MARINE-L,0.0,shopify,10,deny,manual,1290.00,,true,true,,,,,"",https://cdn.shopify.com/s/files/1/0970/8394/9342/files/b3e2005c-5b16-4f04-981e-1f079414dc83.png?v=1770639295,3,"",,,,,,,,,,,,,,,,,,,,,,,,,,kg,,,
marine-folklore,,,,,,,,,xl,,,,,,,,MARINE-XL,0.0,shopify,10,deny,manual,1290.00,,true,true,,,,,"",https://cdn.shopify.com/s/files/1/0970/8394/9342/files/d9f95617-e8fc-4a8e-868a-fd394ac231d8.png?v=1770639295,4,"",,,,,,,,,,,,,,,,,,,,,,,,,,kg,,,
marine-folklore,,,,,,,,,,,,,,,,,,,,,,,,,,,,,,,,https://cdn.shopify.com/s/files/1/0970/8394/9342/files/fcb39035-6061-468e-a270-ec4af2cf6b27.png?v=1770639296,5,"",,,,,,,,,,,,,,,,,,,,,,,,,,,,,
vintage-herbarium-shirt,Vintage Herbarium Shirt,"<p>Made from 100% cotton with a sturdy, substantial feel, this cream-colored shirt brings botanical elegance to everyday wear. Featuring delicate vintage herbarium illustrations scattered across both front and back, the design showcases hand-drawn botanical specimens with scientific labels, creating a thoughtful, nature-inspired aesthetic. The soft neutral base provides the perfect canvas for the intricate plant studies, making it as versatile as it is stylish.</p>",Earth Revibe,Apparel & Accessories > Clothing > Clothing Tops > Shirts,"","",true,Size,s,product.metafields.shopify.size,,,,,,,Herbarium-S,0.0,shopify,10,deny,manual,1290.00,,true,true,,,,,"",https://cdn.shopify.com/s/files/1/0970/8394/9342/files/22fcccb2-4ef9-477c-b9f7-4e4ba2ca73a2.png?v=1770376855,1,"",false,,,100% Cotton.,N/A,Relaxed Fit Silhouette,Proudly Made in India ,,Relaxed Fit,72 Hours Hassle Free Returns and Exchange,Free Delivery Only on Prepaid Orders,"Machine Cold Wasy, No Bleaching ",adults,floral; beige; white,cotton,,,,,s; m; l; xl,,male,medium,,,kg,,,active
vintage-herbarium-shirt,,,,,,,,,m,,,,,,,,Herbarium-M,0.0,shopify,10,deny,manual,1290.00,,true,true,,,,,"",https://cdn.shopify.com/s/files/1/0970/8394/9342/files/764f0761-6ec3-4018-9f22-01ec547c730a.png?v=1770376855,2,"",,,,,,,,,,,,,,,,,,,,,,,,,,kg,,,
vintage-herbarium-shirt,,,,,,,,,l,,,,,,,,Herbarium-L,0.0,shopify,10,deny,manual,1290.00,,true,true,,,,,"",https://cdn.shopify.com/s/files/1/0970/8394/9342/files/56975c4e-481d-4c1f-a4ec-9849f1ded708.png?v=1770376855,3,"",,,,,,,,,,,,,,,,,,,,,,,,,,kg,,,
vintage-herbarium-shirt,,,,,,,,,xl,,,,,,,,Herbarium-XL,0.0,shopify,10,deny,manual,1290.00,,true,true,,,,,"",https://cdn.shopify.com/s/files/1/0970/8394/9342/files/hf_20260125_011650_2dc8e405-8fd3-4db2-92c1-f382a3f0ec1e.png?v=1770376907,4,"",,,,,,,,,,,,,,,,,,,,,,,,,,kg,,,
vintage-herbarium-shirt,,,,,,,,,,,,,,,,,,,,,,,,,,,,,,,,https://cdn.shopify.com/s/files/1/0970/8394/9342/files/hf_20260125_011033_00f2caa0-a33f-43a1-b095-ccfd823aa271.png?v=1770376911,5,"",,,,,,,,,,,,,,,,,,,,,,,,,,,,,
vintage-herbarium-shirt,,,,,,,,,,,,,,,,,,,,,,,,,,,,,,,,https://cdn.shopify.com/s/files/1/0970/8394/9342/files/3f433494-f2ff-492e-a8fc-b98b87454908.png?v=1770376854,6,"",,,,,,,,,,,,,,,,,,,,,,,,,,,,,
a-to-a-maroon-graphic-tee,“A-to-A” Maroon Graphic Tee,"<p><span>Made from 100% cotton with a sturdy 260 GSM weight, this maroon tee blends comfort with creative storytelling. Featuring bold screen prints on both front and back, the design highlights powerful words that start and end with ‘A’, making it as thought-provoking as it is stylish.</span></p>",Earth Revibe,Apparel & Accessories > Clothing > Clothing Tops > T-Shirts,"",Stock Earth Revibe,true,Size,s,product.metafields.shopify.size,,,,,,,MAROON-S,0.0,shopify,18,deny,manual,1190.00,,true,true,,,,,"",https://cdn.shopify.com/s/files/1/0970/8394/9342/files/hf_20260127_051250_631ef555-8eba-4c87-ac57-2d8bd439f6d4.png?v=1769491318,1,"",false,,,100% Cotton.,260 GSM,Relaxed Fit Silhouette,Proudly Made in India ,Bold Screen Prints on Front and Back with “A-to-A” Word-Based Design.,Boxy Fit.,72 Hours Hassle Free Returns and Exchange,Free Delivery Only on Prepaid Orders,"Machine Cold Wasy, No Bleaching ",universal,red,cotton,,round,,,s; m; l; xl,short,unisex,medium,,,kg,,,active
a-to-a-maroon-graphic-tee,,,,,,,,,m,,,,,,,,MAROON-M,0.0,shopify,14,deny,manual,1190.00,,true,true,,,,,"",https://cdn.shopify.com/s/files/1/0970/8394/9342/files/hf_20260125_131542_783252c2-5d94-4aa4-8ace-84d37757d449.png?v=1769491318,2,"",,,,,,,,,,,,,,,,,,,,,,,,,,kg,,,
a-to-a-maroon-graphic-tee,,,,,,,,,l,,,,,,,,MAROON-L,0.0,shopify,15,deny,manual,1190.00,,true,true,,,,,"",https://cdn.shopify.com/s/files/1/0970/8394/9342/files/4a8b923d-07f7-465a-a559-2eb23d601422.png?v=1766741096,3,"",,,,,,,,,,,,,,,,,,,,,,,,,,kg,,,
a-to-a-maroon-graphic-tee,,,,,,,,,xl,,,,,,,,MAROON-XL,0.0,shopify,9,deny,manual,1190.00,,true,true,,,,,"",https://cdn.shopify.com/s/files/1/0970/8394/9342/files/dfdcafa0-f651-43c9-be8a-4bc14d4b6e04.jpg?v=1766741094,4,"",,,,,,,,,,,,,,,,,,,,,,,,,,kg,,,
a-to-a-maroon-graphic-tee,,,,,,,,,,,,,,,,,,,,,,,,,,,,,,,,https://cdn.shopify.com/s/files/1/0970/8394/9342/files/f46684e2-4a80-412b-b5aa-aeede490d9a6.jpg?v=1766741095,5,"",,,,,,,,,,,,,,,,,,,,,,,,,,,,,
a-to-a-maroon-graphic-tee,,,,,,,,,,,,,,,,,,,,,,,,,,,,,,,,https://cdn.shopify.com/s/files/1/0970/8394/9342/files/e119493f-0b55-4377-be69-8ec927e95bf1_1.jpg?v=1766741094,6,"",,,,,,,,,,,,,,,,,,,,,,,,,,,,,
a-to-a-maroon-graphic-tee,,,,,,,,,,,,,,,,,,,,,,,,,,,,,,,,https://cdn.shopify.com/s/files/1/0970/8394/9342/files/e6ea84fb-f66c-4f1f-9aa6-516b0c3ffa43.jpg?v=1766741094,7,"",,,,,,,,,,,,,,,,,,,,,,,,,,,,,
black-twill-straight-fit-cargo-pants,Black Twill Straight-Fit Cargo Pants,"<p><span>Crafted from durable silicone-washed cotton twill, these black cargo pants offer a soft feel with a structured look. Designed in a straight fit, they feature 6 functional pockets for everyday utility while keeping the aesthetic clean and minimal — a basic essential, redefined.</span></p>",Earth Revibe,Apparel & Accessories > Clothing > Pants > Cargo Pants,"","",true,Size,s,product.metafields.shopify.size,,,,,,,CARGO-BLACK-S,0.0,shopify,5,deny,manual,1790.00,,true,true,,,,,"",https://cdn.shopify.com/s/files/1/0970/8394/9342/files/08efe964-f058-495e-954f-cf893a2d126c.png?v=1766740975,1,"",false,,,Silicone-Washed Cotton Twill.,,Straight-Fit Cargo.,Proudly Made in India ,,,72 Hours Hassle Free Returns and Exchange,Free Delivery Only on Prepaid Orders,"Machine Cold Wasy, No Bleaching ",,black,cotton; twill,straight-leg,,,long,s; m; l; xl,,male,,,,kg,,,active
black-twill-straight-fit-cargo-pants,,,,,,,,,m,,,,,,,,CARGO-BLACK-M,0.0,shopify,10,deny,manual,1790.00,,true,true,,,,,"",https://cdn.shopify.com/s/files/1/0970/8394/9342/files/3876a96d-b91d-4c5c-8f01-f1c1926c8101.png?v=1766740974,2,"",,,,,,,,,,,,,,,,,,,,,,,,,,kg,,,
black-twill-straight-fit-cargo-pants,,,,,,,,,l,,,,,,,,CARGO-BLACK-L,0.0,shopify,10,deny,manual,1790.00,,true,true,,,,,"",https://cdn.shopify.com/s/files/1/0970/8394/9342/files/45f957b6-2afa-425c-ae96-9ddf5c591796.jpg?v=1766740974,3,"",,,,,,,,,,,,,,,,,,,,,,,,,,kg,,,
black-twill-straight-fit-cargo-pants,,,,,,,,,xl,,,,,,,,CARGO-BLACK-XL,0.0,shopify,12,deny,manual,1790.00,,true,true,,,,,"",https://cdn.shopify.com/s/files/1/0970/8394/9342/files/559b29a7-84d4-4dd1-b901-999e11d23305.jpg?v=1766740974,4,"",,,,,,,,,,,,,,,,,,,,,,,,,,kg,,,
black-twill-straight-fit-cargo-pants,,,,,,,,,,,,,,,,,,,,,,,,,,,,,,,,https://cdn.shopify.com/s/files/1/0970/8394/9342/files/3459d9b4-6e89-4e7b-9ef8-b0bea3d1e5bc.jpg?v=1766740974,5,"",,,,,,,,,,,,,,,,,,,,,,,,,,,,,
black-twill-straight-fit-cargo-pants,,,,,,,,,,,,,,,,,,,,,,,,,,,,,,,,https://cdn.shopify.com/s/files/1/0970/8394/9342/files/0c91efd8-5357-4c3a-9104-8570131b3270.png?v=1766740975,6,"",,,,,,,,,,,,,,,,,,,,,,,,,,,,,
plain-blue-word-hunt-boxy-tee,Plain Blue word hunt boxy Tee,"<p><span>Simplicity meets intrigue in this 100% cotton blue tee, crafted from heavyweight 260 GSM fabric for all-day structure and comfort. The clean boxy fit offers a relaxed silhouette, while a hidden “puzzle” branding element adds a subtle twist to this everyday essential.</span></p>",Earth Revibe,Apparel & Accessories > Clothing > Clothing Tops > T-Shirts,"","",true,Size,s,product.metafields.shopify.size,,,,,,,WORD-S,0.0,shopify,18,deny,manual,1190.00,,true,true,,,,,"",https://cdn.shopify.com/s/files/1/0970/8394/9342/files/a82ba938-7fbe-49cd-bc7e-7d8ab2152b7c_1.png?v=1766740754,1,"",false,,,100% Cotton.,260 GSM.,Relaxed Fit Silhouette,Proudly Made in India ,"Raw Edges, Cut-and-Stitch Detailing, Subtle Embroidery Branding.",Boxy Fit.,72 Hours Hassle Free Returns and Exchange,Free Delivery Only on Prepaid Orders,"Machine Cold Wasy, No Bleaching ",,blue,cotton,,round,,,s; m; l; xl,short,male,medium,,,kg,,,active
plain-blue-word-hunt-boxy-tee,,,,,,,,,m,,,,,,,,WORD-M,0.0,shopify,12,deny,manual,1190.00,,true,true,,,,,"",https://cdn.shopify.com/s/files/1/0970/8394/9342/files/99ba327f-dc56-44fc-8566-e28b17b3535a.png?v=1766740750,2,"",,,,,,,,,,,,,,,,,,,,,,,,,,kg,,,
plain-blue-word-hunt-boxy-tee,,,,,,,,,l,,,,,,,,WORD-L,0.0,shopify,13,deny,manual,1190.00,,true,true,,,,,"",https://cdn.shopify.com/s/files/1/0970/8394/9342/files/ca2eb3e2-6501-46b3-9f31-2a9df16acb46.png?v=1766740750,3,"",,,,,,,,,,,,,,,,,,,,,,,,,,kg,,,
plain-blue-word-hunt-boxy-tee,,,,,,,,,xl,,,,,,,,WORD-XL,0.0,shopify,8,deny,manual,1190.00,,true,true,,,,,"",https://cdn.shopify.com/s/files/1/0970/8394/9342/files/cfde1579-e1e0-49f5-a8a5-8bb64d1d27ca_1.jpg?v=1766740749,4,"",,,,,,,,,,,,,,,,,,,,,,,,,,kg,,,
plain-blue-word-hunt-boxy-tee,,,,,,,,,,,,,,,,,,,,,,,,,,,,,,,,https://cdn.shopify.com/s/files/1/0970/8394/9342/files/3c6fe18b-06be-4556-a9b4-457d0ef1eae7.jpg?v=1766740749,5,"",,,,,,,,,,,,,,,,,,,,,,,,,,,,,
plain-blue-word-hunt-boxy-tee,,,,,,,,,,,,,,,,,,,,,,,,,,,,,,,,https://cdn.shopify.com/s/files/1/0970/8394/9342/files/450985e4-5da9-4eae-b7e9-468dd226a335.png?v=1766740749,6,"",,,,,,,,,,,,,,,,,,,,,,,,,,,,,
plain-blue-word-hunt-boxy-tee,,,,,,,,,,,,,,,,,,,,,,,,,,,,,,,,https://cdn.shopify.com/s/files/1/0970/8394/9342/files/28bc5709-74f2-484f-9e61-bd99e0e510a2_1.png?v=1766740750,7,"",,,,,,,,,,,,,,,,,,,,,,,,,,,,,
grey-contrast-stitch-puff-print-boxy-tee,Grey Contrast Stitch Puff Print boxy Tee,"<p><span>Built from 260 GSM premium cotton, this grey boxy fit tee combines structure with street-ready comfort. Featuring bold puff print graphics and contrast color stitching, it’s a clean yet striking essential for everyday wear.</span></p>",Earth Revibe,Apparel & Accessories > Clothing > Clothing Tops > T-Shirts,"",Stock Earth Revibe,true,Size,s,product.metafields.shopify.size,,,,,,,GREY-S,0.0,shopify,20,deny,manual,1190.00,,true,true,,,,,"",https://cdn.shopify.com/s/files/1/0970/8394/9342/files/07d43304-afb7-41f0-85f5-a2b5308f9753.jpg?v=1766740568,1,"",false,,,100% Cotton.,260 GSM.,Relaxed Fit Silhouette,Proudly Made in India ,Bold Puff Print with Contrast Stitching.,Boxy Fit.,72 Hours Hassle Free Returns and Exchange,Free Delivery Only on Prepaid Orders,"Machine Cold Wasy, No Bleaching ",,gray; beige; geometric,cotton,,round,,,s; m; l; xl,short,unisex,medium,,,kg,,,active
grey-contrast-stitch-puff-print-boxy-tee,,,,,,,,,m,,,,,,,,GREY-M,0.0,shopify,17,deny,manual,1190.00,,true,true,,,,,"",https://cdn.shopify.com/s/files/1/0970/8394/9342/files/9a058a8d-1d11-4f92-9867-88ccb199566d.png?v=1766740569,2,"",,,,,,,,,,,,,,,,,,,,,,,,,,kg,,,
grey-contrast-stitch-puff-print-boxy-tee,,,,,,,,,l,,,,,,,,GREY-L,0.0,shopify,20,deny,manual,1190.00,,true,true,,,,,"",https://cdn.shopify.com/s/files/1/0970/8394/9342/files/14e203fd-3409-4a87-8282-c5bebe489c43.png?v=1766740569,3,"",,,,,,,,,,,,,,,,,,,,,,,,,,kg,,,
grey-contrast-stitch-puff-print-boxy-tee,,,,,,,,,xl,,,,,,,,GREY-XL,0.0,shopify,10,deny,manual,1190.00,,true,true,,,,,"",https://cdn.shopify.com/s/files/1/0970/8394/9342/files/9118a48c-fb95-462f-90f4-f28fce422e05.jpg?v=1766740568,4,"",,,,,,,,,,,,,,,,,,,,,,,,,,kg,,,
grey-contrast-stitch-puff-print-boxy-tee,,,,,,,,,,,,,,,,,,,,,,,,,,,,,,,,https://cdn.shopify.com/s/files/1/0970/8394/9342/files/2f6be674-2f58-44c5-8d3b-921636b637ad.jpg?v=1766740568,5,"",,,,,,,,,,,,,,,,,,,,,,,,,,,,,
grey-contrast-stitch-puff-print-boxy-tee,,,,,,,,,,,,,,,,,,,,,,,,,,,,,,,,https://cdn.shopify.com/s/files/1/0970/8394/9342/files/275a69dc-6312-45bb-8c3f-edec661bb1d8.jpg?v=1766740569,6,"",,,,,,,,,,,,,,,,,,,,,,,,,,,,,
grey-contrast-stitch-puff-print-boxy-tee,,,,,,,,,,,,,,,,,,,,,,,,,,,,,,,,https://cdn.shopify.com/s/files/1/0970/8394/9342/files/c5ffa7f7-90e9-440f-bbf0-4c8b4d35dcc9.png?v=1766740572,7,"",,,,,,,,,,,,,,,,,,,,,,,,,,,,,
herbal-cotton-contrast-collar-branding-polo,Herbal Cotton Contrast Collar branding Polo,"<p data-start=""244"" data-end=""482"">The Herbal Cotton Contrast Collar Branding Polo is designed for those who like their classics with a bold edge. Made from <strong data-start=""366"" data-end=""400"">soft, breathable herbal cotton</strong>, this polo delivers all-day comfort while maintaining a structured, premium feel. The standout <strong data-start=""497"" data-end=""516"">contrast collar</strong> adds a refined pop, paired with a bold <strong data-start=""556"" data-end=""588"">“Fear None” typography print</strong> across the chest that speaks attitude without being loud. Subtle <strong data-start=""654"" data-end=""679"">Earth Revibe branding</strong> on the collar elevates the piece, making it feel intentional from every angle.</p>",Earth Revibe,Apparel & Accessories > Clothing > Clothing Tops > Polos,"","",true,Size,s,product.metafields.shopify.size,,,,,,,FEAR-S,0.0,shopify,18,deny,manual,1290.00,,true,true,,,,,"",https://cdn.shopify.com/s/files/1/0970/8394/9342/files/4f00216a-f37d-4f5e-ae8f-8104c1a81656.jpg?v=1766740331,1,"",false,,,Crafted from the Finest Sustainable Fabrics for Comfort and Durability.,260 GSM,Relaxed Fit Silhouette,Proudly Made in India ,Bold Puff Print with Jacquard Collar Featuring Subtle Branding.,Oversized Boxy Fit.,72 Hours Hassle Free Returns and Exchange,Free Delivery Only on Prepaid Orders,"Machine Cold Wasy, No Bleaching ",,beige,cotton,,,,,s; m; l; xl,short,male,medium,,,kg,,,active
herbal-cotton-contrast-collar-branding-polo,,,,,,,,,m,,,,,,,,FEAR-M,0.0,shopify,16,deny,manual,1290.00,,true,true,,,,,"",https://cdn.shopify.com/s/files/1/0970/8394/9342/files/4b57cdf1-9628-4f5f-b022-db1647d2aaeb.png?v=1766740335,2,"",,,,,,,,,,,,,,,,,,,,,,,,,,kg,,,
herbal-cotton-contrast-collar-branding-polo,,,,,,,,,l,,,,,,,,FEAR-L,0.0,shopify,17,deny,manual,1290.00,,true,true,,,,,"",https://cdn.shopify.com/s/files/1/0970/8394/9342/files/ad75655b-da57-4738-8ef8-880a46c5ddc3.jpg?v=1766740330,3,"",,,,,,,,,,,,,,,,,,,,,,,,,,kg,,,
herbal-cotton-contrast-collar-branding-polo,,,,,,,,,xl,,,,,,,,FEAR-XL,0.0,shopify,9,deny,manual,1290.00,,true,true,,,,,"",https://cdn.shopify.com/s/files/1/0970/8394/9342/files/edcc62b5-6c34-4ce1-a14f-b446f06dab5c.jpg?v=1766740330,4,"",,,,,,,,,,,,,,,,,,,,,,,,,,kg,,,
herbal-cotton-contrast-collar-branding-polo,,,,,,,,,,,,,,,,,,,,,,,,,,,,,,,,https://cdn.shopify.com/s/files/1/0970/8394/9342/files/9545961a-dddc-41a0-8fd6-3f171784cece.jpg?v=1766740330,5,"",,,,,,,,,,,,,,,,,,,,,,,,,,,,,
herbal-cotton-contrast-collar-branding-polo,,,,,,,,,,,,,,,,,,,,,,,,,,,,,,,,https://cdn.shopify.com/s/files/1/0970/8394/9342/files/d1d56565-0297-43a6-9b64-06fba7027a31.png?v=1766740330,6,"",,,,,,,,,,,,,,,,,,,,,,,,,,,,,
herbal-cotton-contrast-collar-branding-polo,,,,,,,,,,,,,,,,,,,,,,,,,,,,,,,,https://cdn.shopify.com/s/files/1/0970/8394/9342/files/401b2779-907c-4db2-b736-7b74c05e1de7.png?v=1766740331,7,"",,,,,,,,,,,,,,,,,,,,,,,,,,,,,
herbal-white-all-over-print-boxy-tee,Herbal White All-Over Print Boxy Tee,"<p><span>Made from soft, breathable herbal white cotton with a sturdy 260 GSM weight, this tee offers comfort with substance. The all-over screen print adds artistic energy, while the boxy fit keeps it relaxed and effortlessly cool — perfect for everyday statement wear.</span></p>",Earth Revibe,Apparel & Accessories > Clothing > Clothing Tops > T-Shirts,"",Stock Earth Revibe,true,Size,s,product.metafields.shopify.size,,,,,,,HERBAL-S,0.0,shopify,21,deny,manual,1190.00,,true,true,,,,,"",https://cdn.shopify.com/s/files/1/0970/8394/9342/files/22eb8de1-ccdf-4b63-9b75-7d0714f6f9f0.jpg?v=1766739978,1,"",false,,,100% Cotton.,260 GSM.,Relaxed Fit Silhouette,Proudly Made in India ,All-over Screen Print.,Boxy Fit.,72 Hours Hassle Free Returns and Exchange,Free Delivery Only on Prepaid Orders,"Machine Cold Wasy, No Bleaching ",,white; green,cotton,,round,,,s; m; l; xl,short,male,medium,,,kg,,,active
herbal-white-all-over-print-boxy-tee,,,,,,,,,m,,,,,,,,HERBAL-M,0.0,shopify,19,deny,manual,1190.00,,true,true,,,,,"",https://cdn.shopify.com/s/files/1/0970/8394/9342/files/95e5f8ec-6ea6-4a7c-8164-c7011bc18129.jpg?v=1766739978,2,"",,,,,,,,,,,,,,,,,,,,,,,,,,kg,,,
herbal-white-all-over-print-boxy-tee,,,,,,,,,l,,,,,,,,HERBAL-L,0.0,shopify,21,deny,manual,1190.00,,true,true,,,,,"",https://cdn.shopify.com/s/files/1/0970/8394/9342/files/f8323494-8ce0-4176-a52c-c230383dc5c6.jpg?v=1766739978,3,"",,,,,,,,,,,,,,,,,,,,,,,,,,kg,,,
herbal-white-all-over-print-boxy-tee,,,,,,,,,xl,,,,,,,,HERBAL-XL,0.0,shopify,11,deny,manual,1190.00,,true,true,,,,,"",https://cdn.shopify.com/s/files/1/0970/8394/9342/files/00c9db31-51ea-4a39-a9af-766f87e86053.jpg?v=1766739978,4,"",,,,,,,,,,,,,,,,,,,,,,,,,,kg,,,
herbal-white-all-over-print-boxy-tee,,,,,,,,,,,,,,,,,,,,,,,,,,,,,,,,https://cdn.shopify.com/s/files/1/0970/8394/9342/files/854ab167-107b-46a1-b3ba-bb078eb61f5a.jpg?v=1766739978,5,"",,,,,,,,,,,,,,,,,,,,,,,,,,,,,
herbal-white-all-over-print-boxy-tee,,,,,,,,,,,,,,,,,,,,,,,,,,,,,,,,https://cdn.shopify.com/s/files/1/0970/8394/9342/files/1118822a-4a43-4aa8-bc6a-b15c05964294.jpg?v=1766739978,6,"",,,,,,,,,,,,,,,,,,,,,,,,,,,,,
herbal-white-all-over-print-boxy-tee,,,,,,,,,,,,,,,,,,,,,,,,,,,,,,,,https://cdn.shopify.com/s/files/1/0970/8394/9342/files/15fddcab-b5b8-4013-8810-6455c578b825.png?v=1766739979,7,"",,,,,,,,,,,,,,,,,,,,,,,,,,,,,
skin-conscious-embroidered-collar-boxy-shirt,Skin-Conscious Embroidered Collar Boxy Shirt,"<p><span>Designed with a focus on comfort and detail, this shirt is made from skin-conscious fabric that feels gentle and breathable. The formal fit is elevated with collar embroidery, a single chest pocket, and an oversized boxy silhouette — blending sharp style with effortless ease.</span></p>",Earth Revibe,Apparel & Accessories > Clothing > Clothing Tops > Shirts,"","",true,Size,s,product.metafields.shopify.size,,,,,,,DREAMS-S,0.0,shopify,3,deny,manual,1490.00,,true,true,,,,,"",https://cdn.shopify.com/s/files/1/0970/8394/9342/files/155ec539-79e7-4620-9c8e-a63f303f8811.png?v=1766739729,1,"",false,,,Oxford Fabric.,,Relaxed Fit Silhouette,Proudly Made in India ,"Collar Embroidery, a Single Chest Pocket.",Boxy Fit.,72 Hours Hassle Free Returns and Exchange,Free Delivery Only on Prepaid Orders,"Machine Cold Wasy, No Bleaching ",,beige; pink,,,,,,s; m; l; xl,,male,long,,,kg,,,active
skin-conscious-embroidered-collar-boxy-shirt,,,,,,,,,m,,,,,,,,DREAMS-M,0.0,shopify,2,deny,manual,1490.00,,true,true,,,,,"",https://cdn.shopify.com/s/files/1/0970/8394/9342/files/374884c7-09de-406a-9212-47d2db9bf8fc.png?v=1766739729,2,"",,,,,,,,,,,,,,,,,,,,,,,,,,kg,,,
skin-conscious-embroidered-collar-boxy-shirt,,,,,,,,,l,,,,,,,,DREAMS-L,0.0,shopify,2,deny,manual,1490.00,,true,true,,,,,"",https://cdn.shopify.com/s/files/1/0970/8394/9342/files/44eec156-1c37-4b7d-a811-fc7ae58e55a1.png?v=1766739730,3,"",,,,,,,,,,,,,,,,,,,,,,,,,,kg,,,
skin-conscious-embroidered-collar-boxy-shirt,,,,,,,,,xl,,,,,,,,DREAMS-XL,0.0,shopify,2,deny,manual,1490.00,,true,true,,,,,"",https://cdn.shopify.com/s/files/1/0970/8394/9342/files/759e623c-9521-4bab-865f-3c4e32b1b0dc.jpg?v=1766739728,4,"",,,,,,,,,,,,,,,,,,,,,,,,,,kg,,,
skin-conscious-embroidered-collar-boxy-shirt,,,,,,,,,,,,,,,,,,,,,,,,,,,,,,,,https://cdn.shopify.com/s/files/1/0970/8394/9342/files/f1606a31-6e57-47e5-9f57-d0552cc725cd.jpg?v=1766739728,5,"",,,,,,,,,,,,,,,,,,,,,,,,,,,,,
skin-conscious-embroidered-collar-boxy-shirt,,,,,,,,,,,,,,,,,,,,,,,,,,,,,,,,https://cdn.shopify.com/s/files/1/0970/8394/9342/files/1c0f4919-5228-4e6e-94f0-ce44702da6d4.jpg?v=1766739728,6,"",,,,,,,,,,,,,,,,,,,,,,,,,,,,,
skin-conscious-embroidered-collar-boxy-shirt,,,,,,,,,,,,,,,,,,,,,,,,,,,,,,,,https://cdn.shopify.com/s/files/1/0970/8394/9342/files/ae76f8d9-4ea5-4623-8098-bc66feae1b1c.jpg?v=1766739728,7,"",,,,,,,,,,,,,,,,,,,,,,,,,,,,,
twill-off-white-cotton-formal-trousers,Twill (Off-White Cotton Formal Trousers),"<p><span>Classic, clean, and conscious – these Kora off-white straight-fit trousers from EarthRevibe are made from soft, silicone-washed cotton twill for all-day comfort. Designed with a strip-stitched detail, three practical pockets, and a modern formal look, they’re perfect for work or refined everyday style.</span></p>",Earth Revibe,Apparel & Accessories > Clothing > Pants > Trousers,"","",true,Size,s,product.metafields.shopify.size,,,,,,,WHITE-CARGO-S,0.0,shopify,8,deny,manual,1790.00,,true,true,,,,,"",https://cdn.shopify.com/s/files/1/0970/8394/9342/files/249554a5-3292-4a14-9d16-78c853db0b97.png?v=1766739519,1,"",false,,,Silicone-Washed Cotton Twill.,,,Proudly Made in India ,,Straight-Fit Trousers.,72 Hours Hassle Free Returns and Exchange,Free Delivery Only on Prepaid Orders,"Machine Cold Wasy, No Bleaching ",,beige,cotton; twill,straight-leg,,,long,s; m; l; xl,,male,,mid,,kg,,,active
twill-off-white-cotton-formal-trousers,,,,,,,,,m,,,,,,,,WHITE-CARGO-M,0.0,shopify,15,deny,manual,1790.00,,true,true,,,,,"",https://cdn.shopify.com/s/files/1/0970/8394/9342/files/d8d0475e-9b56-43c7-b5b9-301887bb907f.png?v=1766739519,2,"",,,,,,,,,,,,,,,,,,,,,,,,,,kg,,,
twill-off-white-cotton-formal-trousers,,,,,,,,,l,,,,,,,,WHITE-CARGO-L,0.0,shopify,11,deny,manual,1790.00,,true,true,,,,,"",https://cdn.shopify.com/s/files/1/0970/8394/9342/files/7dcb4a6f-0b2e-4a4a-8a4b-9d1e7bb97920.png?v=1766739519,3,"",,,,,,,,,,,,,,,,,,,,,,,,,,kg,,,
twill-off-white-cotton-formal-trousers,,,,,,,,,xl,,,,,,,,WHITE-CARGO-XL,0.0,shopify,11,deny,manual,1790.00,,true,true,,,,,"",https://cdn.shopify.com/s/files/1/0970/8394/9342/files/cebd5d43-3e74-42ed-997a-990bca3888ae.png?v=1766739519,4,"",,,,,,,,,,,,,,,,,,,,,,,,,,kg,,,
twill-off-white-cotton-formal-trousers,,,,,,,,,,,,,,,,,,,,,,,,,,,,,,,,https://cdn.shopify.com/s/files/1/0970/8394/9342/files/2398b78b-4d81-4e36-9f07-ad5f5826ed13.png?v=1766739519,5,"",,,,,,,,,,,,,,,,,,,,,,,,,,,,,
twill-off-white-cotton-formal-trousers,,,,,,,,,,,,,,,,,,,,,,,,,,,,,,,,https://cdn.shopify.com/s/files/1/0970/8394/9342/files/7a39556e-dfc9-4b16-80c5-f9df782bf951.png?v=1766739519,6,"",,,,,,,,,,,,,,,,,,,,,,,,,,,,,
water-color-wave-graphic-boxy-tee,Water color Wave Graphic boxy Tee,"<p><span>Inspired by fluid motion, this tee features a watercolor base with wave designs in screen and puff print — printed on both front and back for a full visual experience. Crafted with minimal branding, it lets the art speak for itself while offering a clean, modern streetwear vibe.</span></p>",Earth Revibe,Apparel & Accessories > Clothing > Clothing Tops > T-Shirts,"","",true,Size,s,product.metafields.shopify.size,,,,,,,WATER-WAVE-S,0.0,shopify,17,deny,manual,1190.00,,true,true,,,,,"",https://cdn.shopify.com/s/files/1/0970/8394/9342/files/be71e924-6527-48f1-b843-ffa3bac0aa2b.jpg?v=1766739350,1,"",false,,,100% Cotton.,260 GSM,Relaxed Fit Silhouette,Proudly Made in India ,Front and Back Screen + Puff Print with Minimal Branding.,Boxy Fit.,72 Hours Hassle Free Returns and Exchange,Free Delivery Only on Prepaid Orders,"Machine Cold Wasy, No Bleaching ",,blue,,,round,,,s; m; l; xl,short,unisex,medium,,,kg,,,active
water-color-wave-graphic-boxy-tee,,,,,,,,,m,,,,,,,,WATER-WAVE-M,0.0,shopify,14,deny,manual,1190.00,,true,true,,,,,"",https://cdn.shopify.com/s/files/1/0970/8394/9342/files/99177beb-f831-4ba2-a846-54e2ff998e2a.png?v=1766739352,2,"",,,,,,,,,,,,,,,,,,,,,,,,,,kg,,,
water-color-wave-graphic-boxy-tee,,,,,,,,,l,,,,,,,,WATER-WAVE-L,0.0,shopify,13,deny,manual,1190.00,,true,true,,,,,"",https://cdn.shopify.com/s/files/1/0970/8394/9342/files/dd775423-5e6f-4638-be86-7161f747afc5.png?v=1766739352,3,"",,,,,,,,,,,,,,,,,,,,,,,,,,kg,,,
water-color-wave-graphic-boxy-tee,,,,,,,,,xl,,,,,,,,WATER-WAVE-XL,0.0,shopify,9,deny,manual,1190.00,,true,true,,,,,"",https://cdn.shopify.com/s/files/1/0970/8394/9342/files/2609ec66-7c1d-4160-8396-2926affbe0d1.png?v=1766739352,4,"",,,,,,,,,,,,,,,,,,,,,,,,,,kg,,,
water-color-wave-graphic-boxy-tee,,,,,,,,,,,,,,,,,,,,,,,,,,,,,,,,https://cdn.shopify.com/s/files/1/0970/8394/9342/files/41307eb9-9df4-49c2-a189-678f85742324.jpg?v=1766739350,5,"",,,,,,,,,,,,,,,,,,,,,,,,,,,,,
water-color-wave-graphic-boxy-tee,,,,,,,,,,,,,,,,,,,,,,,,,,,,,,,,https://cdn.shopify.com/s/files/1/0970/8394/9342/files/5557915e-2de4-4b81-9604-11cd2c948e03.jpg?v=1766739350,6,"",,,,,,,,,,,,,,,,,,,,,,,,,,,,,
water-color-wave-graphic-boxy-tee,,,,,,,,,,,,,,,,,,,,,,,,,,,,,,,,https://cdn.shopify.com/s/files/1/0970/8394/9342/files/86506b71-a2ee-4dfc-899b-04de3bd39ee8.png?v=1766739350,7,"",,,,,,,,,,,,,,,,,,,,,,,,,,,,,
cream-twill-all-over-star-print-boxy-shirt,Cream Twill All-Over star Print boxy Shirt,"<p><span>Crafted from smooth fine twill fabric in a soft cream tone, this tennis collar shirt stands out with its bold all-over screen print. Finished with an EarthRevive branded chest patch and a relaxed oversized boxy fit, it’s where elevated style meets everyday comfort.</span></p>",Earth Revibe,Apparel & Accessories > Clothing > Clothing Tops > Shirts,"","",true,Size,s,product.metafields.shopify.size,,,,,,,ALL-PRINT-S,0.0,shopify,5,deny,manual,1490.00,,true,true,,,,,"",https://cdn.shopify.com/s/files/1/0970/8394/9342/files/a40ee3b6-f616-494b-ade8-6d477dac42c7.png?v=1766744489,1,"",false,,,Smooth Fine Twill Fabric.,,Relaxed Fit Silhouette,Proudly Made in India ,Bold All-over Screen Print.,Boxy Fit Shirt.,72 Hours Hassle Free Returns and Exchange,Free Delivery Only on Prepaid Orders,"Machine Cold Wasy, No Bleaching ",,,,,,,,s; m; l; xl,,,,,,kg,,,active
cream-twill-all-over-star-print-boxy-shirt,,,,,,,,,m,,,,,,,,ALL-PRINT-M,0.0,shopify,9,deny,manual,1490.00,,true,true,,,,,"",https://cdn.shopify.com/s/files/1/0970/8394/9342/files/3c2180f8-117f-42ff-a6cf-6d623fa4936f_1.png?v=1766744489,2,"",,,,,,,,,,,,,,,,,,,,,,,,,,kg,,,
cream-twill-all-over-star-print-boxy-shirt,,,,,,,,,l,,,,,,,,ALL-PRINT-L,0.0,shopify,8,deny,manual,1490.00,,true,true,,,,,"",https://cdn.shopify.com/s/files/1/0970/8394/9342/files/e2508466-f898-46ae-8321-aaa8a538ff49.png?v=1766744489,3,"",,,,,,,,,,,,,,,,,,,,,,,,,,kg,,,
cream-twill-all-over-star-print-boxy-shirt,,,,,,,,,xl,,,,,,,,ALL-PRINT-XL,0.0,shopify,7,deny,manual,1490.00,,true,true,,,,,"",https://cdn.shopify.com/s/files/1/0970/8394/9342/files/6fb7921b-e76a-478d-80c8-0603fec814bb.png?v=1766744489,4,"",,,,,,,,,,,,,,,,,,,,,,,,,,kg,,,
cream-twill-all-over-star-print-boxy-shirt,,,,,,,,,,,,,,,,,,,,,,,,,,,,,,,,https://cdn.shopify.com/s/files/1/0970/8394/9342/files/48d77975-b723-471f-92e4-a89ec5111c84.png?v=1766744489,5,"",,,,,,,,,,,,,,,,,,,,,,,,,,,,,
cream-twill-all-over-star-print-boxy-shirt,,,,,,,,,,,,,,,,,,,,,,,,,,,,,,,,https://cdn.shopify.com/s/files/1/0970/8394/9342/files/ac4bdecc-c02f-4d14-9853-b93664d26181.png?v=1766744489,6,"",,,,,,,,,,,,,,,,,,,,,,,,,,,,,
cream-twill-all-over-star-print-boxy-shirt,,,,,,,,,,,,,,,,,,,,,,,,,,,,,,,,https://cdn.shopify.com/s/files/1/0970/8394/9342/files/4ce64c44-aae7-4d80-91bc-9910461ef92f.png?v=1766744489,7,"",,,,,,,,,,,,,,,,,,,,,,,,,,,,,
contrast-oversized-polo-with-unique-collar-branding,Contrast Oversized polo with unique collar branding,"<p><span>Crafted from heavyweight 260 GSM cotton, this tee combines structure with softness. Featuring two-tone contrast colors, minimal branding, and subtle jacquard detailing on the collar, it’s all about clean design with a premium touch. The oversized boxy fit makes it perfect for laid-back, modern styling.</span></p>",Earth Revibe,Apparel & Accessories > Clothing > Clothing Tops > Polos,"","",true,Size,s,product.metafields.shopify.size,,,,,,,DUAL-TONE-S,0.0,shopify,17,deny,manual,1290.00,,true,true,,,,,"",https://cdn.shopify.com/s/files/1/0970/8394/9342/files/f3c71748-d751-452c-8586-d6dfd16b6986.jpg?v=1766738873,1,"",false,,,100% Cotton.,260 GSM,Relaxed Fit Silhouette,Proudly Made in India ,Minimal Branding with Subtle Jacquard Detailing on the Collar.,Oversized Boxy Fit.,72 Hours Hassle Free Returns and Exchange,Free Delivery Only on Prepaid Orders,"Machine Cold Wasy, No Bleaching ",,white; multicolor,cotton,,,,,s; m; l; xl,short,male,medium,,,kg,,,active
contrast-oversized-polo-with-unique-collar-branding,,,,,,,,,m,,,,,,,,DUAL-TONE-M,0.0,shopify,15,deny,manual,1290.00,,true,true,,,,,"",https://cdn.shopify.com/s/files/1/0970/8394/9342/files/98661161-1712-4464-bad7-b5468d2dddd0.png?v=1766738877,2,"",,,,,,,,,,,,,,,,,,,,,,,,,,kg,,,
contrast-oversized-polo-with-unique-collar-branding,,,,,,,,,l,,,,,,,,DUAL-TONE-L,0.0,shopify,18,deny,manual,1290.00,,true,true,,,,,"",https://cdn.shopify.com/s/files/1/0970/8394/9342/files/004973c2-830d-492f-bd0e-f079d4379c94.jpg?v=1766738873,3,"",,,,,,,,,,,,,,,,,,,,,,,,,,kg,,,
contrast-oversized-polo-with-unique-collar-branding,,,,,,,,,xl,,,,,,,,DUAL-TONE-XL,0.0,shopify,10,deny,manual,1290.00,,true,true,,,,,"",https://cdn.shopify.com/s/files/1/0970/8394/9342/files/a4c59e3f-b167-4e4d-841a-690f813c9f04.jpg?v=1766738873,4,"",,,,,,,,,,,,,,,,,,,,,,,,,,kg,,,
contrast-oversized-polo-with-unique-collar-branding,,,,,,,,,,,,,,,,,,,,,,,,,,,,,,,,https://cdn.shopify.com/s/files/1/0970/8394/9342/files/da5931c2-2fcc-47b9-b55d-40d729419f89.jpg?v=1766738873,5,"",,,,,,,,,,,,,,,,,,,,,,,,,,,,,
contrast-oversized-polo-with-unique-collar-branding,,,,,,,,,,,,,,,,,,,,,,,,,,,,,,,,https://cdn.shopify.com/s/files/1/0970/8394/9342/files/f045aac2-8637-404a-bdc6-d4e497fedc8a.jpg?v=1766738873,6,"",,,,,,,,,,,,,,,,,,,,,,,,,,,,,
contrast-oversized-polo-with-unique-collar-branding,,,,,,,,,,,,,,,,,,,,,,,,,,,,,,,,https://cdn.shopify.com/s/files/1/0970/8394/9342/files/87206dbb-ef7c-4a07-9f0c-ead116f1e74f.png?v=1766738875,7,"",,,,,,,,,,,,,,,,,,,,,,,,,,,,,
green-twill-bellbottom-utility-pants,Green Twill Bellbottom Utility pants,"<p><span>Make a bold statement with these bellbottom fit pants crafted from silicone-washed cotton twill for a smooth, durable feel. Designed in a striking green shade with unmatched color stitching, they blend retro flair with modern utility. Equipped with 6 functional pockets, they’re made for both style and practicality.</span></p>",Earth Revibe,Apparel & Accessories > Clothing > Pants > Cargo Pants,"","",true,Size,s,product.metafields.shopify.size,,,,,,,GREEN-TWILL-S,0.0,shopify,7,deny,manual,1790.00,,true,true,,,,,"",https://cdn.shopify.com/s/files/1/0970/8394/9342/files/8a0b88b7-7675-4aa9-9cee-a1d42a601537.png?v=1766738706,1,"",false,,,Silicone-Washed Cotton T-will.,,Straight-Fit Cargo.,Proudly Made in India ,,Bellbottom Fit Pants.,72 Hours Hassle Free Returns and Exchange,Free Delivery Only on Prepaid Orders,"Machine Cold Wasy, No Bleaching ",adults,green,cotton; twill,wide,,,long,s; m; l; xl,,male; unisex,,mid,,kg,,,active
green-twill-bellbottom-utility-pants,,,,,,,,,m,,,,,,,,GREEN-TWILL-M,0.0,shopify,10,deny,manual,1790.00,,true,true,,,,,"",https://cdn.shopify.com/s/files/1/0970/8394/9342/files/2a606c13-4977-4a81-9362-83f8e440dc52.png?v=1766738706,2,"",,,,,,,,,,,,,,,,,,,,,,,,,,kg,,,
green-twill-bellbottom-utility-pants,,,,,,,,,l,,,,,,,,GREEN-TWILL-L,0.0,shopify,13,deny,manual,1790.00,,true,true,,,,,"",https://cdn.shopify.com/s/files/1/0970/8394/9342/files/e15dd4c5-534d-4f4e-8d5d-a6bb99842451.png?v=1766738706,3,"",,,,,,,,,,,,,,,,,,,,,,,,,,kg,,,
green-twill-bellbottom-utility-pants,,,,,,,,,xl,,,,,,,,GREEN-TWILL-XL,0.0,shopify,11,deny,manual,1790.00,,true,true,,,,,"",https://cdn.shopify.com/s/files/1/0970/8394/9342/files/0a1a2233-3137-4e83-83dc-191e554cecee.png?v=1766738706,4,"",,,,,,,,,,,,,,,,,,,,,,,,,,kg,,,
green-twill-bellbottom-utility-pants,,,,,,,,,,,,,,,,,,,,,,,,,,,,,,,,https://cdn.shopify.com/s/files/1/0970/8394/9342/files/b60f5201-5c38-47d4-a9e3-835cef498c08.png?v=1766738706,5,"",,,,,,,,,,,,,,,,,,,,,,,,,,,,,
green-twill-bellbottom-utility-pants,,,,,,,,,,,,,,,,,,,,,,,,,,,,,,,,https://cdn.shopify.com/s/files/1/0970/8394/9342/files/282f82d3-4981-4af2-aebf-9b878f6c8a2d.png?v=1766738707,6,"",,,,,,,,,,,,,,,,,,,,,,,,,,,,,
all-over-print-formal-boxy-polo,All-Over Print Formal Boxy polo,"<p><span>Designed for standout style, this 260 GSM polo tee features a bold all-over screen print paired with a matching jacquard collar for a refined touch. With its unique blend of formal flair and boxy fit comfort, it brings structured sophistication to street-inspired fashion.</span></p>",Earth Revibe,Apparel & Accessories > Clothing > Clothing Tops > Polos,"","",true,Size,s,product.metafields.shopify.size,,,,,,,GREEN-POLO-S,0.0,shopify,21,deny,manual,1290.00,,true,true,,,,,"",https://cdn.shopify.com/s/files/1/0970/8394/9342/files/ef30f606-bfb2-400b-a522-b5f4d51577a8.jpg?v=1766738608,1,"",false,,,100% Cotton.,260 GSM,Relaxed Fit Silhouette,Proudly Made in India ,All-over screen print with jacquard Collar.,Boxy Fit.,72 Hours Hassle Free Returns and Exchange,Free Delivery Only on Prepaid Orders,"Machine Cold Wasy, No Bleaching ",,geometric; green,cotton,,,,,s; l; m; xl,short,male,medium,,,kg,,,active
all-over-print-formal-boxy-polo,,,,,,,,,l,,,,,,,,GREEN-POLO-L,0.0,shopify,20,deny,manual,1290.00,,true,true,,,,,"",https://cdn.shopify.com/s/files/1/0970/8394/9342/files/b9f529d5-9e6f-4a2b-9291-8c35fd7ed4cc.png?v=1766738610,2,"",,,,,,,,,,,,,,,,,,,,,,,,,,kg,,,
all-over-print-formal-boxy-polo,,,,,,,,,m,,,,,,,,GREEN-POLO-M,0.0,shopify,19,deny,manual,1290.00,,true,true,,,,,"",https://cdn.shopify.com/s/files/1/0970/8394/9342/files/cd827e26-3d7b-4691-b63d-fd8187081553.png?v=1766738610,3,"",,,,,,,,,,,,,,,,,,,,,,,,,,kg,,,
all-over-print-formal-boxy-polo,,,,,,,,,xl,,,,,,,,GREEN-POLO-XL,0.0,shopify,11,deny,manual,1290.00,,true,true,,,,,"",https://cdn.shopify.com/s/files/1/0970/8394/9342/files/2d4f9b66-3fcc-4ede-aa4b-5c8e14f52d80.png?v=1766738610,4,"",,,,,,,,,,,,,,,,,,,,,,,,,,kg,,,
all-over-print-formal-boxy-polo,,,,,,,,,,,,,,,,,,,,,,,,,,,,,,,,https://cdn.shopify.com/s/files/1/0970/8394/9342/files/914bd860-3946-4d49-bf62-f2a7ccd5a106.jpg?v=1766738608,5,"",,,,,,,,,,,,,,,,,,,,,,,,,,,,,
all-over-print-formal-boxy-polo,,,,,,,,,,,,,,,,,,,,,,,,,,,,,,,,https://cdn.shopify.com/s/files/1/0970/8394/9342/files/75961caa-53d4-44b1-8230-efa034d1b1ec.jpg?v=1766738608,6,"",,,,,,,,,,,,,,,,,,,,,,,,,,,,,
all-over-print-formal-boxy-polo,,,,,,,,,,,,,,,,,,,,,,,,,,,,,,,,https://cdn.shopify.com/s/files/1/0970/8394/9342/files/10fdb8ba-2e88-4f79-bcc4-e99b676f7b93.png?v=1766738608,7,"",,,,,,,,,,,,,,,,,,,,,,,,,,,,,
cream-cotton-puff-print-boxy-tee,Cream Cotton Puff print Boxy Tee,"<p>Crafted in soft, breathable <strong data-start=""292"" data-end=""309"">cotton fabric</strong>, the Cream Cotton Puff Print Boxy Tee features a <strong data-start=""359"" data-end=""386"">relaxed boxy silhouette</strong> that sits easy on the shoulders and falls clean on the body. The front keeps it subtle with a <strong data-start=""481"" data-end=""507"">raised puff-print logo</strong>, while the back steals the attention with a bold, playful <strong data-start=""566"" data-end=""595"">art-inspired puff graphic</strong> that adds depth and texture.</p>",Earth Revibe,Apparel & Accessories > Clothing > Clothing Tops > T-Shirts,"","",true,Size,s,product.metafields.shopify.size,,,,,,,CREAM-S,0.0,shopify,15,deny,manual,1190.00,,true,true,,,,,"",https://cdn.shopify.com/s/files/1/0970/8394/9342/files/ada64fe3-33d7-4506-8e43-e61626deecf1.jpg?v=1766738346,1,"",false,,,100% Cotton,260 GSM,Relaxed Fit Silhouette,Proudly Made in India ,Puff and Screen Print Artwork.,Boxy Fit.,72 Hours Hassle Free Returns and Exchange,Free Delivery Only on Prepaid Orders,"Machine Cold Wasy, No Bleaching ",,beige,cotton,,round,,,s; m; l; xl,short,unisex,medium,,,kg,,,active
cream-cotton-puff-print-boxy-tee,,,,,,,,,m,,,,,,,,CREAM-M,0.0,shopify,14,deny,manual,1190.00,,true,true,,,,,"",https://cdn.shopify.com/s/files/1/0970/8394/9342/files/9cd92798-417e-4e1c-87d5-faee40012bff.png?v=1766738346,2,"",,,,,,,,,,,,,,,,,,,,,,,,,,kg,,,
cream-cotton-puff-print-boxy-tee,,,,,,,,,l,,,,,,,,CREAM-L,0.0,shopify,16,deny,manual,1190.00,,true,true,,,,,"",https://cdn.shopify.com/s/files/1/0970/8394/9342/files/4b4fe28b-8900-4a15-9bd4-cfabe0808b85.png?v=1766738346,3,"",,,,,,,,,,,,,,,,,,,,,,,,,,kg,,,
cream-cotton-puff-print-boxy-tee,,,,,,,,,xl,,,,,,,,CREAM-XL,0.0,shopify,9,deny,manual,1190.00,,true,true,,,,,"",https://cdn.shopify.com/s/files/1/0970/8394/9342/files/d1e71b2a-77da-4027-ad32-a9adec76e51e.jpg?v=1766738346,4,"",,,,,,,,,,,,,,,,,,,,,,,,,,kg,,,
cream-cotton-puff-print-boxy-tee,,,,,,,,,,,,,,,,,,,,,,,,,,,,,,,,https://cdn.shopify.com/s/files/1/0970/8394/9342/files/1720ba35-8833-49aa-833d-0994fafcfc7d.png?v=1766738348,5,"",,,,,,,,,,,,,,,,,,,,,,,,,,,,,
cream-cotton-puff-print-boxy-tee,,,,,,,,,,,,,,,,,,,,,,,,,,,,,,,,https://cdn.shopify.com/s/files/1/0970/8394/9342/files/a6440d44-712f-441a-bbce-b2b89a4a1516.png?v=1766738346,6,"",,,,,,,,,,,,,,,,,,,,,,,,,,,,,
cream-cotton-puff-print-boxy-tee,,,,,,,,,,,,,,,,,,,,,,,,,,,,,,,,https://cdn.shopify.com/s/files/1/0970/8394/9342/files/2b6a2db5-49e9-4c0a-80c2-24402e6429fe.png?v=1766738347,7,"",,,,,,,,,,,,,,,,,,,,,,,,,,,,,
olive-herbal-cotton-reflective-boxy-tee,Olive Herbal Cotton Reflective Boxy Tee,"<p><span>Made from breathable herbal cotton, this olive green oversized tee blends comfort with visual impact. Featuring a golden reflective puff print on both front and back, it delivers a basic yet eye-catching look. The boxy oversized fit adds a relaxed, streetwear vibe to your everyday essentials.</span></p>",Earth Revibe,Apparel & Accessories > Clothing > Clothing Tops > T-Shirts,"","",true,Size,s,product.metafields.shopify.size,,,,,,,OLIVE-S,0.0,shopify,20,deny,manual,1190.00,,true,true,,,,,"",https://cdn.shopify.com/s/files/1/0970/8394/9342/files/70f6fb85-e9cf-40ec-ac39-572b291982cb.png?v=1766737765,1,"",false,,,100% Cotton.,260 GSM,Relaxed Fit Silhouette,Proudly Made in India ,Golden Reflective Puff Print on Front and Back.,Oversized Boxy Fit.,72 Hours Hassle Free Returns and Exchange,Free Delivery Only on Prepaid Orders,"Machine Cold Wasy, No Bleaching ",,green,cotton,,round,,,s; m; l; xl,short,unisex,medium,,,kg,,,active
olive-herbal-cotton-reflective-boxy-tee,,,,,,,,,m,,,,,,,,OLIVE-M,0.0,shopify,17,deny,manual,1190.00,,true,true,,,,,"",https://cdn.shopify.com/s/files/1/0970/8394/9342/files/9545677e-1ef7-4aa8-bab1-33ca3fa4c47e.jpg?v=1766737763,2,"",,,,,,,,,,,,,,,,,,,,,,,,,,kg,,,
olive-herbal-cotton-reflective-boxy-tee,,,,,,,,,l,,,,,,,,OLIVE-L,0.0,shopify,20,deny,manual,1190.00,,true,true,,,,,"",https://cdn.shopify.com/s/files/1/0970/8394/9342/files/4ee9ddf9-4b29-4814-aba0-5fb6637f9d33.png?v=1766737765,3,"",,,,,,,,,,,,,,,,,,,,,,,,,,kg,,,
olive-herbal-cotton-reflective-boxy-tee,,,,,,,,,xl,,,,,,,,OLIVE-XL,0.0,shopify,9,deny,manual,1190.00,,true,true,,,,,"",https://cdn.shopify.com/s/files/1/0970/8394/9342/files/0bacdca9-9415-4c1a-a831-44687683f35a.jpg?v=1766737763,4,"",,,,,,,,,,,,,,,,,,,,,,,,,,kg,,,
olive-herbal-cotton-reflective-boxy-tee,,,,,,,,,,,,,,,,,,,,,,,,,,,,,,,,https://cdn.shopify.com/s/files/1/0970/8394/9342/files/2a9d17c8-83b9-4575-866c-69d07bc1f688.jpg?v=1766737764,5,"",,,,,,,,,,,,,,,,,,,,,,,,,,,,,
olive-herbal-cotton-reflective-boxy-tee,,,,,,,,,,,,,,,,,,,,,,,,,,,,,,,,https://cdn.shopify.com/s/files/1/0970/8394/9342/files/3d3bba29-33c8-4a38-aa4e-e526969a6d82.jpg?v=1766737764,6,"",,,,,,,,,,,,,,,,,,,,,,,,,,,,,
olive-herbal-cotton-reflective-boxy-tee,,,,,,,,,,,,,,,,,,,,,,,,,,,,,,,,https://cdn.shopify.com/s/files/1/0970/8394/9342/files/7e43bdb0-08c6-4b18-9616-51649a876a13.png?v=1766737766,7,"",,,,,,,,,,,,,,,,,,,,,,,,,,,,,
khakhi-shadow-twill-block-print-shacket,Khakhi Shadow Twill Block print shacket,"<p><span>Stand out effortlessly with this unique Shacket crafted from soft khakhi shadow twill fabric. Featuring bold block prints, subtle black thread stitching, and sleek matt black buttons, it blends tradition with a modern edge. Finished with a single chest pocket, it’s your go-to piece for casual statements and layered styling.</span></p>",Earth Revibe,Apparel & Accessories > Clothing > Outerwear > Coats & Jackets,"","",true,Size,s,product.metafields.shopify.size,,,,,,,KHAKI-SHADOW-S,0.0,shopify,10,deny,manual,1490.00,,true,true,,,,,"",https://cdn.shopify.com/s/files/1/0970/8394/9342/files/7c24dcdf-44c1-4d3d-ae2c-f1ae8da9aacf_1.jpg?v=1766737569,1,"",false,,,Khakhi Shadow Twill Fabric.,,Relaxed Fit Silhouette,Proudly Made in India ,"Bold Block Prints, Subtle Black Thread Stitching.",Boxy Fit Shachet.,72 Hours Hassle Free Returns and Exchange,Free Delivery Only on Prepaid Orders,"Machine Cold Wasy, No Bleaching ",,floral; beige,cotton; twill,,,pockets; lightweight,,s; m; l; xl,long,male,,,,kg,,,active
khakhi-shadow-twill-block-print-shacket,,,,,,,,,m,,,,,,,,KHAKI-SHADOW-M,0.0,shopify,6,deny,manual,1490.00,,true,true,,,,,"",https://cdn.shopify.com/s/files/1/0970/8394/9342/files/c6b2a738-bb13-40f6-909e-e6c908ca4ea8.png?v=1766737570,2,"",,,,,,,,,,,,,,,,,,,,,,,,,,kg,,,
khakhi-shadow-twill-block-print-shacket,,,,,,,,,l,,,,,,,,KHAKI-SHADOW-L,0.0,shopify,9,deny,manual,1490.00,,true,true,,,,,"",https://cdn.shopify.com/s/files/1/0970/8394/9342/files/6c3cc09d-b4dc-4089-b941-dea16e614d91.jpg?v=1766737569,3,"",,,,,,,,,,,,,,,,,,,,,,,,,,kg,,,
khakhi-shadow-twill-block-print-shacket,,,,,,,,,xl,,,,,,,,KHAKI-SHADOW-XL,0.0,shopify,5,deny,manual,1490.00,,true,true,,,,,"",https://cdn.shopify.com/s/files/1/0970/8394/9342/files/a5375461-699b-449e-9b3f-d2f3c8762d1d.jpg?v=1766737569,4,"",,,,,,,,,,,,,,,,,,,,,,,,,,kg,,,
khakhi-shadow-twill-block-print-shacket,,,,,,,,,,,,,,,,,,,,,,,,,,,,,,,,https://cdn.shopify.com/s/files/1/0970/8394/9342/files/0d445900-b0a2-48e7-9450-bc129038a0c0.jpg?v=1766737569,5,"",,,,,,,,,,,,,,,,,,,,,,,,,,,,,
khakhi-shadow-twill-block-print-shacket,,,,,,,,,,,,,,,,,,,,,,,,,,,,,,,,https://cdn.shopify.com/s/files/1/0970/8394/9342/files/26df38e9-8a94-4c8f-8074-ea8c6953b1cf.jpg?v=1766737569,6,"",,,,,,,,,,,,,,,,,,,,,,,,,,,,,
khakhi-shadow-twill-block-print-shacket,,,,,,,,,,,,,,,,,,,,,,,,,,,,,,,,https://cdn.shopify.com/s/files/1/0970/8394/9342/files/fd0a0340-751d-4824-b84f-0a73c2060f3d.jpg?v=1766737569,7,"",,,,,,,,,,,,,,,,,,,,,,,,,,,,,
two-panel-minimal-branding-boxy-tee,Two-Panel Minimal Branding boxy Tee,"<p><span>Built from 260 GSM cotton for premium structure and comfort, this boxy fit tee features a bold two-color panel design. Subtle yet clever, the branding is integrated through a unique “lesser cut” technique, keeping the look clean, modern, and effortlessly wearable.</span></p>",Earth Revibe,Apparel & Accessories > Clothing > Clothing Tops > T-Shirts,"","",true,Size,s,product.metafields.shopify.size,,,,,,,TWO-PANEL-S,0.0,shopify,20,deny,manual,1190.00,,true,true,,,,,"",https://cdn.shopify.com/s/files/1/0970/8394/9342/files/d055877c-e729-480a-80f6-854fbeaeea36.jpg?v=1766737059,1,"",false,,,100% Cotton.,260 GSM,Relaxed Fit Silhouette,Proudly Made in India ,Multitone Print with Matching Collar.,Boxy Fit.,72 Hours Hassle Free Returns and Exchange,Free Delivery Only on Prepaid Orders,"Machine Cold Wasy, No Bleaching ",,geometric; navy,cotton,,round,,,s; m; l; xl,short,male,medium,,,kg,,,active
two-panel-minimal-branding-boxy-tee,,,,,,,,,m,,,,,,,,TWO-PANEL-M,0.0,shopify,17,deny,manual,1190.00,,true,true,,,,,"",https://cdn.shopify.com/s/files/1/0970/8394/9342/files/b69a6820-de49-435c-94ee-3dd757152623.png?v=1766737060,2,"",,,,,,,,,,,,,,,,,,,,,,,,,,kg,,,
two-panel-minimal-branding-boxy-tee,,,,,,,,,l,,,,,,,,TWO-PANEL-L,0.0,shopify,20,deny,manual,1190.00,,true,true,,,,,"",https://cdn.shopify.com/s/files/1/0970/8394/9342/files/d1663c66-3a9f-4f76-b9f6-a8ab3ba9be0c.png?v=1766737060,3,"",,,,,,,,,,,,,,,,,,,,,,,,,,kg,,,
two-panel-minimal-branding-boxy-tee,,,,,,,,,xl,,,,,,,,TWO-PANEL-XL,0.0,shopify,9,deny,manual,1190.00,,true,true,,,,,"",https://cdn.shopify.com/s/files/1/0970/8394/9342/files/3a38d87d-0dfa-4693-ae5a-f6207cc9dc40.png?v=1766737060,4,"",,,,,,,,,,,,,,,,,,,,,,,,,,kg,,,
two-panel-minimal-branding-boxy-tee,,,,,,,,,,,,,,,,,,,,,,,,,,,,,,,,https://cdn.shopify.com/s/files/1/0970/8394/9342/files/6f72c03f-a5c8-4804-8a52-7acc9a0e30d8.png?v=1766737061,5,"",,,,,,,,,,,,,,,,,,,,,,,,,,,,,
two-panel-minimal-branding-boxy-tee,,,,,,,,,,,,,,,,,,,,,,,,,,,,,,,,https://cdn.shopify.com/s/files/1/0970/8394/9342/files/426e912a-2b53-48de-b923-3ab80dfce1b7.png?v=1766737060,6,"",,,,,,,,,,,,,,,,,,,,,,,,,,,,,
two-panel-minimal-branding-boxy-tee,,,,,,,,,,,,,,,,,,,,,,,,,,,,,,,,https://cdn.shopify.com/s/files/1/0970/8394/9342/files/20f0eab3-72fa-41f6-b985-d8c03413313d.png?v=1766737059,7,"",,,,,,,,,,,,,,,,,,,,,,,,,,,,,
vintage-print-twill-straight-fit-pants,Vintage Print Twill Straight-Fit Pants,"<p><span>Made from silicone-washed cotton twill, these straight-fit pants offer a soft, worn-in feel with lasting durability. The design features a vintage color palette paired with a bold screen print on the front, blending retro charm with modern street style.</span></p>",Earth Revibe,Apparel & Accessories > Clothing > Pants > Trousers,"","",true,Size,s,product.metafields.shopify.size,,,,,,,VINTAGE-PRINT-S,0.0,shopify,8,deny,manual,1790.00,,true,true,,,,,"",https://cdn.shopify.com/s/files/1/0970/8394/9342/files/964adfd7-0633-45ef-8da4-c4293eec30f5.png?v=1766736931,1,"",false,,,Silicone-Washed Cotton Twill.,,Straight-Fit Cargo.,Proudly Made in India ,,,72 Hours Hassle Free Returns and Exchange,Free Delivery Only on Prepaid Orders,"Machine Cold Wasy, No Bleaching ",,beige,cotton; twill,straight-leg,,,long,s; m; l; xl,,male,,,,kg,,,active
vintage-print-twill-straight-fit-pants,,,,,,,,,m,,,,,,,,VINTAGE-PRINT-M,0.0,shopify,12,deny,manual,1790.00,,true,true,,,,,"",https://cdn.shopify.com/s/files/1/0970/8394/9342/files/1c92549b-a391-4dff-b9ce-0a133e9909dc.png?v=1766736931,2,"",,,,,,,,,,,,,,,,,,,,,,,,,,kg,,,
vintage-print-twill-straight-fit-pants,,,,,,,,,l,,,,,,,,VINTAGE-PRINT-L,0.0,shopify,13,deny,manual,1790.00,,true,true,,,,,"",https://cdn.shopify.com/s/files/1/0970/8394/9342/files/e4d3d010-0359-49ae-81cb-90e759df9567.png?v=1766736930,3,"",,,,,,,,,,,,,,,,,,,,,,,,,,kg,,,
vintage-print-twill-straight-fit-pants,,,,,,,,,xl,,,,,,,,VINTAGE-PRINT-XL,0.0,shopify,12,deny,manual,1790.00,,true,true,,,,,"",https://cdn.shopify.com/s/files/1/0970/8394/9342/files/2bc7c714-51fc-4ace-8fdf-ff9c2da8e45d.png?v=1766736931,4,"",,,,,,,,,,,,,,,,,,,,,,,,,,kg,,,
vintage-print-twill-straight-fit-pants,,,,,,,,,,,,,,,,,,,,,,,,,,,,,,,,https://cdn.shopify.com/s/files/1/0970/8394/9342/files/1562643c-c06a-4623-950d-5390e137ba3a.png?v=1766736930,5,"",,,,,,,,,,,,,,,,,,,,,,,,,,,,,
vintage-print-twill-straight-fit-pants,,,,,,,,,,,,,,,,,,,,,,,,,,,,,,,,https://cdn.shopify.com/s/files/1/0970/8394/9342/files/d7654c24-cfdc-44f8-a9a0-1062f1fc795d.png?v=1766736931,6,"",,,,,,,,,,,,,,,,,,,,,,,,,,,,,
blu-skin-cotton-oversized-stripe-boxy-fit-shirt,Blu (Skin Cotton Oversized Stripe boxy fit Shirt),"<p><span>Made from breathable skin cotton fabric, this oversized shirt blends comfort with statement style. Featuring classic formal stripes, a soft silicone-washed finish, and bold contrast detailing, it redefines modern formalwear. A standout back print and single chest pocket add just the right edge, while the boxy fit keeps things relaxed and contemporary.</span></p>",Earth Revibe,Apparel & Accessories > Clothing > Clothing Tops > Shirts,"","",true,Size,s,product.metafields.shopify.size,,,,,,,HUMANS-AND-MORE-S,0.0,shopify,9,deny,manual,1490.00,,true,true,,,,,"",https://cdn.shopify.com/s/files/1/0970/8394/9342/files/3bdd9fce-c86d-44b7-9e09-805f940e7530.jpg?v=1766736629,1,"",false,,,Oxford Fabric.,,Relaxed Fit Silhouette,Proudly Made in India ,Standout Back Print and Single Chest Pocket,Boxy Fit Formal Shirt,72 Hours Hassle Free Returns and Exchange,Free Delivery Only on Prepaid Orders,"Machine Cold Wasy, No Bleaching ",,,,,,,,s; m; l; xl,,,,,,kg,,,active
blu-skin-cotton-oversized-stripe-boxy-fit-shirt,,,,,,,,,m,,,,,,,,HUMANS-AND-MORE-M,0.0,shopify,8,deny,manual,1490.00,,true,true,,,,,"",https://cdn.shopify.com/s/files/1/0970/8394/9342/files/4a53a615-6c77-48f5-a3e8-6b390d101d5b.jpg?v=1766736629,2,"",,,,,,,,,,,,,,,,,,,,,,,,,,kg,,,
blu-skin-cotton-oversized-stripe-boxy-fit-shirt,,,,,,,,,l,,,,,,,,HUMANS-AND-MORE-L,0.0,shopify,9,deny,manual,1490.00,,true,true,,,,,"",https://cdn.shopify.com/s/files/1/0970/8394/9342/files/ff0c0a85-6b98-42f9-8956-5c6c845abc66_29106142-479a-4ff3-9df3-2d53f9462ac9.jpg?v=1766736629,3,"",,,,,,,,,,,,,,,,,,,,,,,,,,kg,,,
blu-skin-cotton-oversized-stripe-boxy-fit-shirt,,,,,,,,,xl,,,,,,,,HUMANS-AND-MORE-XL,0.0,shopify,6,deny,manual,1490.00,,true,true,,,,,"",https://cdn.shopify.com/s/files/1/0970/8394/9342/files/1bbe329f-ef42-4b2d-bf56-fc590d26733b.jpg?v=1766736629,4,"",,,,,,,,,,,,,,,,,,,,,,,,,,kg,,,
blu-skin-cotton-oversized-stripe-boxy-fit-shirt,,,,,,,,,,,,,,,,,,,,,,,,,,,,,,,,https://cdn.shopify.com/s/files/1/0970/8394/9342/files/cb567344-f8ed-446e-9f44-1c1db68aec49_a6c4bf38-796e-413a-b0c3-6dca5607d011.jpg?v=1766736629,5,"",,,,,,,,,,,,,,,,,,,,,,,,,,,,,
blu-skin-cotton-oversized-stripe-boxy-fit-shirt,,,,,,,,,,,,,,,,,,,,,,,,,,,,,,,,https://cdn.shopify.com/s/files/1/0970/8394/9342/files/f51ff63b-1f82-46f3-825f-90c94921b208.jpg?v=1766736629,6,"",,,,,,,,,,,,,,,,,,,,,,,,,,,,,
blu-skin-cotton-oversized-stripe-boxy-fit-shirt,,,,,,,,,,,,,,,,,,,,,,,,,,,,,,,,https://cdn.shopify.com/s/files/1/0970/8394/9342/files/98901c06-d3ea-41e6-8ee5-26ef895b6a1a_1.png?v=1766736592,7,"",,,,,,,,,,,,,,,,,,,,,,,,,,,,,
aqua-blue-twill-cactus-printed-shacket,Aqua Blue Twill cactus Printed Shacket,"<p><span>Crafted from soft yet sturdy cotton twill fabric in a refreshing aqua blue, this boxy fit shacket blends laid-back style with premium detail. Featuring a bold mix of screen and puff prints on the front and back, and finished with premium wooden buttons, it’s your perfect layering piece for standout streetwear with a natural touch.</span></p>",Earth Revibe,Apparel & Accessories > Clothing > Outerwear > Coats & Jackets,"","",true,Size,s,product.metafields.shopify.size,,,,,,,CACTUS-S,0.0,shopify,6,deny,manual,1990.00,,true,true,,,,,"",https://cdn.shopify.com/s/files/1/0970/8394/9342/files/21ffceb9-2474-44ba-9b8b-b85d63eed55c_1.jpg?v=1766735899,1,"",false,,,Oxford Fabric.,,Relaxed Fit Silhouette,Proudly Made in India ,Bold Mix of Screen and Puff Prints on the Front and Back,Boxy Fit.,72 Hours Hassle Free Returns and Exchange,Free Delivery Only on Prepaid Orders,"Machine Cold Wasy, No Bleaching ",,,cotton; twill,,,pockets; lightweight,,s; m; l; xl,long,male,,,,kg,,,active
aqua-blue-twill-cactus-printed-shacket,,,,,,,,,m,,,,,,,,CACTUS-M,0.0,shopify,3,deny,manual,1990.00,,true,true,,,,,"",https://cdn.shopify.com/s/files/1/0970/8394/9342/files/97438bfa-e45d-4e2b-9090-08ef2ab94fd2.jpg?v=1766735899,2,"",,,,,,,,,,,,,,,,,,,,,,,,,,kg,,,
aqua-blue-twill-cactus-printed-shacket,,,,,,,,,l,,,,,,,,CACTUS-L,0.0,shopify,6,deny,manual,1990.00,,true,true,,,,,"",https://cdn.shopify.com/s/files/1/0970/8394/9342/files/206edb87-cc7f-4531-9446-000ad025b314.jpg?v=1766735899,3,"",,,,,,,,,,,,,,,,,,,,,,,,,,kg,,,
aqua-blue-twill-cactus-printed-shacket,,,,,,,,,xl,,,,,,,,CACTUS-XL,0.0,shopify,5,deny,manual,1990.00,,true,true,,,,,"",https://cdn.shopify.com/s/files/1/0970/8394/9342/files/78894512-0eef-41c7-904c-b644c1629fcd.png?v=1766735899,4,"",,,,,,,,,,,,,,,,,,,,,,,,,,kg,,,
aqua-blue-twill-cactus-printed-shacket,,,,,,,,,,,,,,,,,,,,,,,,,,,,,,,,https://cdn.shopify.com/s/files/1/0970/8394/9342/files/f35710cc-75bd-4df5-adc5-6968c381c18b.png?v=1766735901,5,"",,,,,,,,,,,,,,,,,,,,,,,,,,,,,
aqua-blue-twill-cactus-printed-shacket,,,,,,,,,,,,,,,,,,,,,,,,,,,,,,,,https://cdn.shopify.com/s/files/1/0970/8394/9342/files/27ba0cb6-4a87-465a-b8da-2f8f0353f5a8.png?v=1766735900,6,"",,,,,,,,,,,,,,,,,,,,,,,,,,,,,
aqua-blue-twill-cactus-printed-shacket,,,,,,,,,,,,,,,,,,,,,,,,,,,,,,,,https://cdn.shopify.com/s/files/1/0970/8394/9342/files/1528aeef-e54c-4d04-ae8d-df38af3e6c8a.jpg?v=1766735899,7,"",,,,,,,,,,,,,,,,,,,,,,,,,,,,,
white-black-twill-zipper-shacket,White & Black Twill Zipper Shacket,"<p><span>Crafted from soft fine twill fabric in a classic white and black combo, this shacket features a sand-washed finish for a smooth, lived-in texture. With frayed edges and intricate embroidery on the back, it adds an artistic touch to street-smart style. Finished with a clean zip-up front, it’s the perfect layer for effortless everyday cool.</span></p>",Earth Revibe,Apparel & Accessories > Clothing > Outerwear > Coats & Jackets,"","",true,Size,s,product.metafields.shopify.size,,,,,,,GLOBE-SHACKET-S,0.0,shopify,0,deny,manual,1990.00,,true,true,,,,,"",https://cdn.shopify.com/s/files/1/0970/8394/9342/files/98d96258-74d1-4000-8b06-a76ccb484ed5_3735eea3-ca55-4698-8ff1-2b6c053e0531.png?v=1766735473,1,"",false,,,Soft Fine Twill Fabric,260 GSM,Relaxed Fit Silhouette,Proudly Made in India ,Frayed Edges and Intricate Embroidery on the Back,Boxy Fit Zip-Up Shacket,72 Hours Hassle Free Returns and Exchange,Free Delivery Only on Prepaid Orders,"Machine Cold Wasy, No Bleaching ",,,twill,,,pockets; lightweight,,s; m; l; xl,long,male,,,,kg,,,active
white-black-twill-zipper-shacket,,,,,,,,,m,,,,,,,,GLOBE-SHACKET-M,0.0,shopify,0,deny,manual,1990.00,,true,true,,,,,"",https://cdn.shopify.com/s/files/1/0970/8394/9342/files/55a2a3f6-fd7a-4086-a1ae-f8a46e3bed43.png?v=1766735473,2,"",,,,,,,,,,,,,,,,,,,,,,,,,,kg,,,
white-black-twill-zipper-shacket,,,,,,,,,l,,,,,,,,GLOBE-SHACKET-L,0.0,shopify,1,deny,manual,1990.00,,true,true,,,,,"",https://cdn.shopify.com/s/files/1/0970/8394/9342/files/973e1be2-aa51-4802-a79b-66abdfe716d3_1.png?v=1766735473,3,"",,,,,,,,,,,,,,,,,,,,,,,,,,kg,,,
white-black-twill-zipper-shacket,,,,,,,,,xl,,,,,,,,GLOBE-SHACKET-XL,0.0,shopify,2,deny,manual,1990.00,,true,true,,,,,"",https://cdn.shopify.com/s/files/1/0970/8394/9342/files/8c638256-21b4-44bd-9da0-151712ebf8c9.png?v=1766735473,4,"",,,,,,,,,,,,,,,,,,,,,,,,,,kg,,,
white-black-twill-zipper-shacket,,,,,,,,,,,,,,,,,,,,,,,,,,,,,,,,https://cdn.shopify.com/s/files/1/0970/8394/9342/files/ae7c279e-27ec-4445-bd13-1c05a4c68f53.png?v=1766735473,5,"",,,,,,,,,,,,,,,,,,,,,,,,,,,,,
white-black-twill-zipper-shacket,,,,,,,,,,,,,,,,,,,,,,,,,,,,,,,,https://cdn.shopify.com/s/files/1/0970/8394/9342/files/b7674811-8ad9-4e5d-b4de-26f4318925fc.png?v=1766735473,6,"",,,,,,,,,,,,,,,,,,,,,,,,,,,,,
white-black-twill-zipper-shacket,,,,,,,,,,,,,,,,,,,,,,,,,,,,,,,,https://cdn.shopify.com/s/files/1/0970/8394/9342/files/28563851-8f18-4723-9855-7ccf0effeeb7.png?v=1766735473,7,"",,,,,,,,,,,,,,,,,,,,,,,,,,,,,
